BEGIN TRANSACTION;
CREATE TABLE "auth_group" ("id" integer NOT NULL PRIMARY KEY AUTOINCREMENT, "name" varchar(150) NOT NULL UNIQUE);
CREATE TABLE "auth_group_permissions" ("id" integer NOT NULL PRIMARY KEY AUTOINCREMENT, "group_id" integer NOT NULL REFERENCES "auth_group" ("id") DEFERRABLE INITIALLY DEFERRED, "permission_id" integer NOT NULL REFERENCES "auth_permission" ("id") DEFERRABLE INITIALLY DEFERRED);
CREATE TABLE "auth_permission" ("id" integer NOT NULL PRIMARY KEY AUTOINCREMENT, "content_type_id" integer NOT NULL REFERENCES "django_content_type" ("id") DEFERRABLE INITIALLY DEFERRED, "codename" varchar(100) NOT NULL, "name" varchar(255) NOT NULL);
INSERT INTO "auth_permission" VALUES(1,1,'add_logentry','Can add log entry');
INSERT INTO "auth_permission" VALUES(2,1,'change_logentry','Can change log entry');
INSERT INTO "auth_permission" VALUES(3,1,'delete_logentry','Can delete log entry');
INSERT INTO "auth_permission" VALUES(4,1,'view_logentry','Can view log entry');
INSERT INTO "auth_permission" VALUES(5,2,'add_permission','Can add permission');
INSERT INTO "auth_permission" VALUES(6,2,'change_permission','Can change permission');
INSERT INTO "auth_permission" VALUES(7,2,'delete_permission','Can delete permission');
INSERT INTO "auth_permission" VALUES(8,2,'view_permission','Can view permission');
INSERT INTO "auth_permission" VALUES(9,3,'add_group','Can add group');
INSERT INTO "auth_permission" VALUES(10,3,'change_group','Can change group');
INSERT INTO "auth_permission" VALUES(11,3,'delete_group','Can delete group');
INSERT INTO "auth_permission" VALUES(12,3,'view_group','Can view group');
INSERT INTO "auth_permission" VALUES(13,4,'add_contenttype','Can add content type');
INSERT INTO "auth_permission" VALUES(14,4,'change_contenttype','Can change content type');
INSERT INTO "auth_permission" VALUES(15,4,'delete_contenttype','Can delete content type');
INSERT INTO "auth_permission" VALUES(16,4,'view_contenttype','Can view content type');
INSERT INTO "auth_permission" VALUES(17,5,'add_session','Can add session');
INSERT INTO "auth_permission" VALUES(18,5,'change_session','Can change session');
INSERT INTO "auth_permission" VALUES(19,5,'delete_session','Can delete session');
INSERT INTO "auth_permission" VALUES(20,5,'view_session','Can view session');
INSERT INTO "auth_permission" VALUES(21,6,'add_usermodel','Can add пользователь');
INSERT INTO "auth_permission" VALUES(22,6,'change_usermodel','Can change пользователь');
INSERT INTO "auth_permission" VALUES(23,6,'delete_usermodel','Can delete пользователь');
INSERT INTO "auth_permission" VALUES(24,6,'view_usermodel','Can view пользователь');
INSERT INTO "auth_permission" VALUES(25,7,'add_generalnewsmodel','Can add новость');
INSERT INTO "auth_permission" VALUES(26,7,'change_generalnewsmodel','Can change новость');
INSERT INTO "auth_permission" VALUES(27,7,'delete_generalnewsmodel','Can delete новость');
INSERT INTO "auth_permission" VALUES(28,7,'view_generalnewsmodel','Can view новость');
INSERT INTO "auth_permission" VALUES(29,8,'add_battlemodel','Can add сражение');
INSERT INTO "auth_permission" VALUES(30,8,'change_battlemodel','Can change сражение');
INSERT INTO "auth_permission" VALUES(31,8,'delete_battlemodel','Can delete сражение');
INSERT INTO "auth_permission" VALUES(32,8,'view_battlemodel','Can view сражение');
INSERT INTO "auth_permission" VALUES(33,9,'add_member','Can add участник');
INSERT INTO "auth_permission" VALUES(34,9,'change_member','Can change участник');
INSERT INTO "auth_permission" VALUES(35,9,'delete_member','Can delete участник');
INSERT INTO "auth_permission" VALUES(36,9,'view_member','Can view участник');
INSERT INTO "auth_permission" VALUES(37,10,'add_teammodel','Can add команда');
INSERT INTO "auth_permission" VALUES(38,10,'change_teammodel','Can change команда');
INSERT INTO "auth_permission" VALUES(39,10,'delete_teammodel','Can delete команда');
INSERT INTO "auth_permission" VALUES(40,10,'view_teammodel','Can view команда');
INSERT INTO "auth_permission" VALUES(41,11,'add_eventfortimetable','Can add событие для расписания турнира');
INSERT INTO "auth_permission" VALUES(42,11,'change_eventfortimetable','Can change событие для расписания турнира');
INSERT INTO "auth_permission" VALUES(43,11,'delete_eventfortimetable','Can delete событие для расписания турнира');
INSERT INTO "auth_permission" VALUES(44,11,'view_eventfortimetable','Can view событие для расписания турнира');
INSERT INTO "auth_permission" VALUES(45,12,'add_tournamentmodel','Can add турнир');
INSERT INTO "auth_permission" VALUES(46,12,'change_tournamentmodel','Can change турнир');
INSERT INTO "auth_permission" VALUES(47,12,'delete_tournamentmodel','Can delete турнир');
INSERT INTO "auth_permission" VALUES(48,12,'view_tournamentmodel','Can view турнир');
INSERT INTO "auth_permission" VALUES(49,13,'add_tournamentnews','Can add новость турнира');
INSERT INTO "auth_permission" VALUES(50,13,'change_tournamentnews','Can change новость турнира');
INSERT INTO "auth_permission" VALUES(51,13,'delete_tournamentnews','Can delete новость турнира');
INSERT INTO "auth_permission" VALUES(52,13,'view_tournamentnews','Can view новость турнира');
INSERT INTO "auth_permission" VALUES(53,14,'add_invitationtoteammodel','Can add заявка команды на участие в турнире');
INSERT INTO "auth_permission" VALUES(54,14,'change_invitationtoteammodel','Can change заявка команды на участие в турнире');
INSERT INTO "auth_permission" VALUES(55,14,'delete_invitationtoteammodel','Can delete заявка команды на участие в турнире');
INSERT INTO "auth_permission" VALUES(56,14,'view_invitationtoteammodel','Can view заявка команды на участие в турнире');
INSERT INTO "auth_permission" VALUES(57,15,'add_requestteamfortournamentmodel','Can add заявка команды на участие в турнире');
INSERT INTO "auth_permission" VALUES(58,15,'change_requestteamfortournamentmodel','Can change заявка команды на участие в турнире');
INSERT INTO "auth_permission" VALUES(59,15,'delete_requestteamfortournamentmodel','Can delete заявка команды на участие в турнире');
INSERT INTO "auth_permission" VALUES(60,15,'view_requestteamfortournamentmodel','Can view заявка команды на участие в турнире');
CREATE TABLE "battles_battlemodel" ("id" integer NOT NULL PRIMARY KEY AUTOINCREMENT, "created_at" datetime NOT NULL, "status" varchar(64) NOT NULL, "start_datetime" datetime NOT NULL, "proof" text NOT NULL, "team_first_id" bigint NULL REFERENCES "teams_teammodel" ("id") DEFERRABLE INITIALLY DEFERRED, "team_second_id" bigint NULL REFERENCES "teams_teammodel" ("id") DEFERRABLE INITIALLY DEFERRED);
CREATE TABLE "battles_battlemodel_judges" ("id" integer NOT NULL PRIMARY KEY AUTOINCREMENT, "battlemodel_id" bigint NOT NULL REFERENCES "battles_battlemodel" ("id") DEFERRABLE INITIALLY DEFERRED, "usermodel_id" bigint NOT NULL REFERENCES "users_usermodel" ("id") DEFERRABLE INITIALLY DEFERRED);
CREATE TABLE "django_admin_log" ("id" integer NOT NULL PRIMARY KEY AUTOINCREMENT, "object_id" text NULL, "object_repr" varchar(200) NOT NULL, "action_flag" smallint unsigned NOT NULL CHECK ("action_flag" >= 0), "change_message" text NOT NULL, "content_type_id" integer NULL REFERENCES "django_content_type" ("id") DEFERRABLE INITIALLY DEFERRED, "user_id" bigint NOT NULL REFERENCES "users_usermodel" ("id") DEFERRABLE INITIALLY DEFERRED, "action_time" datetime NOT NULL);
CREATE TABLE "django_content_type" ("id" integer NOT NULL PRIMARY KEY AUTOINCREMENT, "app_label" varchar(100) NOT NULL, "model" varchar(100) NOT NULL);
INSERT INTO "django_content_type" VALUES(1,'admin','logentry');
INSERT INTO "django_content_type" VALUES(2,'auth','permission');
INSERT INTO "django_content_type" VALUES(3,'auth','group');
INSERT INTO "django_content_type" VALUES(4,'contenttypes','contenttype');
INSERT INTO "django_content_type" VALUES(5,'sessions','session');
INSERT INTO "django_content_type" VALUES(6,'users','usermodel');
INSERT INTO "django_content_type" VALUES(7,'news','generalnewsmodel');
INSERT INTO "django_content_type" VALUES(8,'battles','battlemodel');
INSERT INTO "django_content_type" VALUES(9,'teams','member');
INSERT INTO "django_content_type" VALUES(10,'teams','teammodel');
INSERT INTO "django_content_type" VALUES(11,'tournaments','eventfortimetable');
INSERT INTO "django_content_type" VALUES(12,'tournaments','tournamentmodel');
INSERT INTO "django_content_type" VALUES(13,'tournaments','tournamentnews');
INSERT INTO "django_content_type" VALUES(14,'teams','invitationtoteammodel');
INSERT INTO "django_content_type" VALUES(15,'tournaments','requestteamfortournamentmodel');
CREATE TABLE "django_migrations" ("id" integer NOT NULL PRIMARY KEY AUTOINCREMENT, "app" varchar(255) NOT NULL, "name" varchar(255) NOT NULL, "applied" datetime NOT NULL);
INSERT INTO "django_migrations" VALUES(1,'contenttypes','0001_initial','2025-06-07 12:31:39.504431');
INSERT INTO "django_migrations" VALUES(2,'contenttypes','0002_remove_content_type_name','2025-06-07 12:31:39.561068');
INSERT INTO "django_migrations" VALUES(3,'auth','0001_initial','2025-06-07 12:31:39.633062');
INSERT INTO "django_migrations" VALUES(4,'auth','0002_alter_permission_name_max_length','2025-06-07 12:31:39.643504');
INSERT INTO "django_migrations" VALUES(5,'auth','0003_alter_user_email_max_length','2025-06-07 12:31:39.679429');
INSERT INTO "django_migrations" VALUES(6,'auth','0004_alter_user_username_opts','2025-06-07 12:31:39.687236');
INSERT INTO "django_migrations" VALUES(7,'auth','0005_alter_user_last_login_null','2025-06-07 12:31:39.723851');
INSERT INTO "django_migrations" VALUES(8,'auth','0006_require_contenttypes_0002','2025-06-07 12:31:39.755967');
INSERT INTO "django_migrations" VALUES(9,'auth','0007_alter_validators_add_error_messages','2025-06-07 12:31:39.792203');
INSERT INTO "django_migrations" VALUES(10,'auth','0008_alter_user_username_max_length','2025-06-07 12:31:39.832099');
INSERT INTO "django_migrations" VALUES(11,'auth','0009_alter_user_last_name_max_length','2025-06-07 12:31:39.878258');
INSERT INTO "django_migrations" VALUES(12,'auth','0010_alter_group_name_max_length','2025-06-07 12:31:39.889599');
INSERT INTO "django_migrations" VALUES(13,'auth','0011_update_proxy_permissions','2025-06-07 12:31:39.896682');
INSERT INTO "django_migrations" VALUES(14,'auth','0012_alter_user_first_name_max_length','2025-06-07 12:31:39.933619');
INSERT INTO "django_migrations" VALUES(15,'users','0001_initial','2025-06-07 12:31:39.987098');
INSERT INTO "django_migrations" VALUES(16,'admin','0001_initial','2025-06-07 12:31:40.029718');
INSERT INTO "django_migrations" VALUES(17,'admin','0002_logentry_remove_auto_add','2025-06-07 12:31:40.072671');
INSERT INTO "django_migrations" VALUES(18,'admin','0003_logentry_add_action_flag_choices','2025-06-07 12:31:40.080580');
INSERT INTO "django_migrations" VALUES(19,'teams','0001_initial','2025-06-07 12:31:40.120558');
INSERT INTO "django_migrations" VALUES(20,'battles','0001_initial','2025-06-07 12:31:40.127203');
INSERT INTO "django_migrations" VALUES(21,'battles','0002_initial','2025-06-07 12:31:40.179140');
INSERT INTO "django_migrations" VALUES(22,'news','0001_initial','2025-06-07 12:31:40.197862');
INSERT INTO "django_migrations" VALUES(23,'sessions','0001_initial','2025-06-07 12:31:40.207609');
INSERT INTO "django_migrations" VALUES(24,'teams','0002_initial','2025-06-07 12:31:40.238613');
INSERT INTO "django_migrations" VALUES(25,'tournaments','0001_initial','2025-06-07 12:31:40.246602');
INSERT INTO "django_migrations" VALUES(26,'tournaments','0002_initial','2025-06-07 12:31:40.276578');
INSERT INTO "django_migrations" VALUES(27,'tournaments','0003_tournamentmodel_end_for_requests_datetime','2025-06-07 12:31:40.310862');
INSERT INTO "django_migrations" VALUES(28,'tournaments','0004_remove_tournamentmodel_end_for_requests_datetime','2025-06-07 12:31:40.324535');
INSERT INTO "django_migrations" VALUES(29,'tournaments','0005_alter_tournamentmodel_is_closed_for_requests','2025-06-07 12:31:40.344454');
INSERT INTO "django_migrations" VALUES(30,'news','0002_alter_generalnewsmodel_options_and_more','2025-06-07 12:43:59.377159');
INSERT INTO "django_migrations" VALUES(31,'tournaments','0006_tournamentnews','2025-06-07 12:43:59.398889');
INSERT INTO "django_migrations" VALUES(32,'teams','0003_invitationtoteammodel','2025-06-14 16:03:01.215841');
INSERT INTO "django_migrations" VALUES(33,'tournaments','0007_requestteamfortournamentmodel','2025-06-14 16:03:01.239186');
CREATE TABLE "django_session" ("session_key" varchar(40) NOT NULL PRIMARY KEY, "session_data" text NOT NULL, "expire_date" datetime NOT NULL);
CREATE TABLE "news_generalnewsmodel" ("id" integer NOT NULL PRIMARY KEY AUTOINCREMENT, "title" varchar(127) NOT NULL, "content" text NOT NULL, "created_at" datetime NOT NULL, "author_id" bigint NULL REFERENCES "users_usermodel" ("id") DEFERRABLE INITIALLY DEFERRED);
CREATE TABLE "teams_invitationtoteammodel" ("id" integer NOT NULL PRIMARY KEY AUTOINCREMENT, "created_at" datetime NOT NULL, "status" varchar(32) NOT NULL, "invited_user_id" bigint NOT NULL REFERENCES "users_usermodel" ("id") DEFERRABLE INITIALLY DEFERRED, "team_id" bigint NOT NULL REFERENCES "teams_teammodel" ("id") DEFERRABLE INITIALLY DEFERRED);
CREATE TABLE "teams_member" ("id" integer NOT NULL PRIMARY KEY AUTOINCREMENT, "created_at" datetime NOT NULL, "role_name" varchar(255) NOT NULL, "user_id" bigint NOT NULL REFERENCES "users_usermodel" ("id") DEFERRABLE INITIALLY DEFERRED);
CREATE TABLE "teams_teammodel" ("id" integer NOT NULL PRIMARY KEY AUTOINCREMENT, "name" varchar(255) NOT NULL, "created_at" datetime NOT NULL, "leader_id" bigint NOT NULL REFERENCES "users_usermodel" ("id") DEFERRABLE INITIALLY DEFERRED);
CREATE TABLE "teams_teammodel_members" ("id" integer NOT NULL PRIMARY KEY AUTOINCREMENT, "teammodel_id" bigint NOT NULL REFERENCES "teams_teammodel" ("id") DEFERRABLE INITIALLY DEFERRED, "member_id" bigint NOT NULL REFERENCES "teams_member" ("id") DEFERRABLE INITIALLY DEFERRED);
CREATE TABLE "tournaments_eventfortimetable" ("id" integer NOT NULL PRIMARY KEY AUTOINCREMENT, "name" varchar(255) NOT NULL, "description" text NOT NULL, "start_datetime" datetime NOT NULL, "end_datetime" datetime NOT NULL, "tournament_id" bigint NOT NULL REFERENCES "tournaments_tournamentmodel" ("id") DEFERRABLE INITIALLY DEFERRED);
CREATE TABLE "tournaments_requestteamfortournamentmodel" ("id" integer NOT NULL PRIMARY KEY AUTOINCREMENT, "created_at" datetime NOT NULL, "status" varchar(32) NOT NULL, "team_id" bigint NOT NULL REFERENCES "teams_teammodel" ("id") DEFERRABLE INITIALLY DEFERRED, "tournament_id" bigint NOT NULL REFERENCES "tournaments_tournamentmodel" ("id") DEFERRABLE INITIALLY DEFERRED);
CREATE TABLE "tournaments_tournamentmodel" ("id" integer NOT NULL PRIMARY KEY AUTOINCREMENT, "title" varchar(255) NOT NULL, "description" text NOT NULL, "rules" text NOT NULL, "count_of_members_in_team" smallint unsigned NOT NULL CHECK ("count_of_members_in_team" >= 0), "count_of_teams" smallint unsigned NOT NULL CHECK ("count_of_teams" >= 0), "created_at" datetime NOT NULL, "start_datetime" datetime NOT NULL, "end_datetime" datetime NOT NULL, "owner_id" bigint NULL REFERENCES "users_usermodel" ("id") DEFERRABLE INITIALLY DEFERRED, "is_closed_for_requests" bool NOT NULL);
CREATE TABLE "tournaments_tournamentmodel_judges" ("id" integer NOT NULL PRIMARY KEY AUTOINCREMENT, "tournamentmodel_id" bigint NOT NULL REFERENCES "tournaments_tournamentmodel" ("id") DEFERRABLE INITIALLY DEFERRED, "usermodel_id" bigint NOT NULL REFERENCES "users_usermodel" ("id") DEFERRABLE INITIALLY DEFERRED);
CREATE TABLE "tournaments_tournamentnews" ("id" integer NOT NULL PRIMARY KEY AUTOINCREMENT, "title" varchar(127) NOT NULL, "content" text NOT NULL, "created_at" datetime NOT NULL, "author_id" bigint NULL REFERENCES "users_usermodel" ("id") DEFERRABLE INITIALLY DEFERRED, "tournament_id" bigint NOT NULL REFERENCES "tournaments_tournamentmodel" ("id") DEFERRABLE INITIALLY DEFERRED);
CREATE TABLE "users_usermodel" ("id" integer NOT NULL PRIMARY KEY AUTOINCREMENT, "password" varchar(128) NOT NULL, "last_login" datetime NULL, "is_superuser" bool NOT NULL, "username" varchar(150) NOT NULL UNIQUE, "is_staff" bool NOT NULL, "is_active" bool NOT NULL, "date_joined" datetime NOT NULL, "bio" text NOT NULL, "email" varchar(254) NOT NULL UNIQUE, "is_pulbic_profile" bool NOT NULL);
CREATE TABLE "users_usermodel_groups" ("id" integer NOT NULL PRIMARY KEY AUTOINCREMENT, "usermodel_id" bigint NOT NULL REFERENCES "users_usermodel" ("id") DEFERRABLE INITIALLY DEFERRED, "group_id" integer NOT NULL REFERENCES "auth_group" ("id") DEFERRABLE INITIALLY DEFERRED);
CREATE TABLE "users_usermodel_user_permissions" ("id" integer NOT NULL PRIMARY KEY AUTOINCREMENT, "usermodel_id" bigint NOT NULL REFERENCES "users_usermodel" ("id") DEFERRABLE INITIALLY DEFERRED, "permission_id" integer NOT NULL REFERENCES "auth_permission" ("id") DEFERRABLE INITIALLY DEFERRED);
CREATE UNIQUE INDEX "django_content_type_app_label_model_76bd3d3b_uniq" ON "django_content_type" ("app_label", "model");
CREATE UNIQUE INDEX "auth_group_permissions_group_id_permission_id_0cd325b0_uniq" ON "auth_group_permissions" ("group_id", "permission_id");
CREATE INDEX "auth_group_permissions_group_id_b120cbf9" ON "auth_group_permissions" ("group_id");
CREATE INDEX "auth_group_permissions_permission_id_84c5c92e" ON "auth_group_permissions" ("permission_id");
CREATE UNIQUE INDEX "auth_permission_content_type_id_codename_01ab375a_uniq" ON "auth_permission" ("content_type_id", "codename");
CREATE INDEX "auth_permission_content_type_id_2f476e4b" ON "auth_permission" ("content_type_id");
CREATE UNIQUE INDEX "users_usermodel_groups_usermodel_id_group_id_9b0d8efb_uniq" ON "users_usermodel_groups" ("usermodel_id", "group_id");
CREATE INDEX "users_usermodel_groups_usermodel_id_5dda3e30" ON "users_usermodel_groups" ("usermodel_id");
CREATE INDEX "users_usermodel_groups_group_id_21c32c00" ON "users_usermodel_groups" ("group_id");
CREATE UNIQUE INDEX "users_usermodel_user_permissions_usermodel_id_permission_id_4267deae_uniq" ON "users_usermodel_user_permissions" ("usermodel_id", "permission_id");
CREATE INDEX "users_usermodel_user_permissions_usermodel_id_bbf08559" ON "users_usermodel_user_permissions" ("usermodel_id");
CREATE INDEX "users_usermodel_user_permissions_permission_id_ca2684d8" ON "users_usermodel_user_permissions" ("permission_id");
CREATE INDEX "django_admin_log_content_type_id_c4bce8eb" ON "django_admin_log" ("content_type_id");
CREATE INDEX "django_admin_log_user_id_c564eba6" ON "django_admin_log" ("user_id");
CREATE UNIQUE INDEX "battles_battlemodel_judges_battlemodel_id_usermodel_id_4de369c7_uniq" ON "battles_battlemodel_judges" ("battlemodel_id", "usermodel_id");
CREATE INDEX "battles_battlemodel_judges_battlemodel_id_b8df865c" ON "battles_battlemodel_judges" ("battlemodel_id");
CREATE INDEX "battles_battlemodel_judges_usermodel_id_24c26f89" ON "battles_battlemodel_judges" ("usermodel_id");
CREATE INDEX "battles_battlemodel_team_first_id_090c2d97" ON "battles_battlemodel" ("team_first_id");
CREATE INDEX "battles_battlemodel_team_second_id_48345f96" ON "battles_battlemodel" ("team_second_id");
CREATE INDEX "news_generalnewsmodel_author_id_b2d3d1f2" ON "news_generalnewsmodel" ("author_id");
CREATE INDEX "django_session_expire_date_a5c62663" ON "django_session" ("expire_date");
CREATE INDEX "teams_member_user_id_5c3d0009" ON "teams_member" ("user_id");
CREATE INDEX "teams_teammodel_leader_id_51b9154c" ON "teams_teammodel" ("leader_id");
CREATE UNIQUE INDEX "teams_teammodel_members_teammodel_id_member_id_eac6f539_uniq" ON "teams_teammodel_members" ("teammodel_id", "member_id");
CREATE INDEX "teams_teammodel_members_teammodel_id_2416618d" ON "teams_teammodel_members" ("teammodel_id");
CREATE INDEX "teams_teammodel_members_member_id_8c9e45dc" ON "teams_teammodel_members" ("member_id");
CREATE UNIQUE INDEX "tournaments_tournamentmodel_judges_tournamentmodel_id_usermodel_id_9ed0dc4d_uniq" ON "tournaments_tournamentmodel_judges" ("tournamentmodel_id", "usermodel_id");
CREATE INDEX "tournaments_tournamentmodel_judges_tournamentmodel_id_77efb2da" ON "tournaments_tournamentmodel_judges" ("tournamentmodel_id");
CREATE INDEX "tournaments_tournamentmodel_judges_usermodel_id_028fbb72" ON "tournaments_tournamentmodel_judges" ("usermodel_id");
CREATE INDEX "tournaments_eventfortimetable_tournament_id_688283e0" ON "tournaments_eventfortimetable" ("tournament_id");
CREATE INDEX "tournaments_tournamentmodel_owner_id_f3b1d8e8" ON "tournaments_tournamentmodel" ("owner_id");
CREATE INDEX "tournaments_tournamentnews_author_id_4cd5d6d0" ON "tournaments_tournamentnews" ("author_id");
CREATE INDEX "tournaments_tournamentnews_tournament_id_b478a50d" ON "tournaments_tournamentnews" ("tournament_id");
CREATE INDEX "teams_invitationtoteammodel_invited_user_id_fdf773a2" ON "teams_invitationtoteammodel" ("invited_user_id");
CREATE INDEX "teams_invitationtoteammodel_team_id_1da84a40" ON "teams_invitationtoteammodel" ("team_id");
CREATE INDEX "tournaments_requestteamfortournamentmodel_team_id_b6cfbb06" ON "tournaments_requestteamfortournamentmodel" ("team_id");
CREATE INDEX "tournaments_requestteamfortournamentmodel_tournament_id_d8c23168" ON "tournaments_requestteamfortournamentmodel" ("tournament_id");
DELETE FROM "sqlite_sequence";
INSERT INTO "sqlite_sequence" VALUES('django_migrations',33);
INSERT INTO "sqlite_sequence" VALUES('django_content_type',15);
INSERT INTO "sqlite_sequence" VALUES('auth_permission',60);
INSERT INTO "sqlite_sequence" VALUES('auth_group',0);
INSERT INTO "sqlite_sequence" VALUES('django_admin_log',0);
INSERT INTO "sqlite_sequence" VALUES('teams_member',0);
INSERT INTO "sqlite_sequence" VALUES('teams_teammodel',0);
INSERT INTO "sqlite_sequence" VALUES('tournaments_eventfortimetable',0);
INSERT INTO "sqlite_sequence" VALUES('tournaments_tournamentmodel',0);
COMMIT;
